employment_cap,objective,annual_gdp,employment,construction_cost,gdp_per_capita,gdp_per_construction,era_cap,arable_land_consumption,level_building_coal_mine,level_building_iron_mine,level_building_lead_mine,level_building_sulfur_mine,level_building_gold_mine,level_building_logging_camp,level_building_rubber_plantation,level_building_fishing_wharf,level_building_whaling_station,level_building_oil_rig,error
1000000,gdp,42627253.70584604,1000000.0,171244.72686061717,42.627253705846044,248.92593475618108,5,0.0,18.095199418076064,12.234139287787299,0.0,149.0,0.0,16.399011477671017,0.0,0.0,24.0,12.0,
2000000,gdp,73727575.50854677,2000000.0000000005,419855.5969275742,36.863787754273375,175.6022214496402,5,0.0,61.075256435155104,36.73750386261394,0.0,149.0,0.0,42.07748702332445,0.0,0.0,24.0,12.0,
3000000,gdp,103886016.4277282,3000000.0,884416.8166578902,34.62867214257607,117.4627330361057,5,0.0,93.52894744097816,62.666544043635206,0.0,149.0,0.0,37.405381890751286,0.0,0.0,24.0,12.0,
4000000,gdp,134043717.29960527,3999999.9999999995,1349071.6988346586,33.51092932490132,99.35996538611961,5,0.0,125.92739651736686,88.2644311679757,0.0,149.0,0.0,33.623384737543404,0.0,0.0,24.0,12.0,
5000000,gdp,162163778.87862656,5000000.0,1792233.7887450173,32.43275577572531,90.48137575409686,5,0.0,129.0,76.46558024993038,0.0,149.0,11.0,115.0,0.0,0.0,24.0,12.0,
6000000,gdp,188390986.33717218,5999999.999999998,1797922.50698135,31.39849772286204,104.78259524848718,5,166.84909586935328,129.0,76.60407448256255,0.0,149.0,11.0,115.0,0.0,0.0,24.0,12.0,
7000000,gdp,214542647.44149637,6999999.999999996,1695363.6434472296,30.6489496344995,126.54668411153426,5,396.673049370223,129.0,70.89595548886022,0.0,149.0,11.0,115.0,0.0,0.0,24.0,12.0,
8000000,gdp,240694308.5458208,8000000.0,1592804.7799131097,30.0867885682276,151.11350215746532,5,626.4970028710941,129.0,65.18783649515788,0.0,149.0,11.0,115.0,0.0,0.0,24.0,12.0,
9000000,gdp,266511542.35314032,9000000.0,1496809.9584720056,29.61239359479337,178.05302593336856,5,845.0,129.0,65.27726809147877,0.0,149.0,11.0,102.65940629153347,0.0,0.0,24.0,12.0,
10000000,gdp,288788336.9407654,10000000.000000002,1675959.119885513,28.878833694076533,172.3122798845433,5,845.0,129.0,75.78597569888235,0.0,149.0,11.0,115.0,0.0,0.0,24.0,12.0,
11000000,gdp,309975245.2709756,11000000.0,1722226.197398292,28.179567751906873,179.98521085049373,5,845.0,129.0,90.55154825838683,0.0,149.0,11.0,115.0,0.0,0.0,24.0,12.0,
12000000,gdp,330844264.87055904,12000000.0,1886228.326687909,27.57035540587992,175.39990264672755,5,845.0,129.0,104.0,34.36950899709676,149.0,11.0,115.0,0.0,0.0,24.0,12.0,
13000000,gdp,349039786.0079791,13000000.000000002,2184285.623253294,26.84921430830608,159.79585375291543,5,845.0,129.0,104.0,39.0,149.0,11.0,115.0,0.0,0.0,24.0,12.0,
14000000,gdp,364760025.39462036,14000000.000000002,2555346.0240329583,26.054287528187164,142.74388750645215,5,845.0,129.0,104.0,50.0,149.0,0.0,115.0,0.0,0.0,24.0,12.0,
15000000,gdp,379816858.2045363,15000000.0,2925066.9296278525,25.321123880302423,129.84894614116035,5,845.0,129.0,104.0,66.74007256053713,149.0,0.0,115.0,0.0,0.0,24.0,12.0,
16000000,gdp,394409613.31421036,16000000.0,2989296.6839812547,24.650600832138146,131.94060510210755,5,845.0,129.0,104.0,125.45679820660386,149.0,0.0,115.0,0.0,0.0,24.0,12.0,
17000000,gdp,408986635.78697205,17000000.0,3043170.0231053242,24.05803739923365,134.39493445378784,5,845.0,129.0,104.0,185.59656883294113,149.0,0.0,115.0,0.0,0.0,24.0,12.0,
18000000,gdp,420424106.54384613,18000000.0,3068280.7436908097,23.356894807991452,137.02269826786497,5,845.0,129.0,104.0,207.0,149.0,0.0,115.0,0.0,0.0,24.0,12.0,
19000000,gdp,430977684.93951714,19000000.000000004,3152365.3952566204,22.683036049448265,136.7156502821695,5,845.0,129.0,104.0,207.0,149.0,0.0,115.0,0.0,0.0,24.0,12.0,
20000000,gdp,441381657.5188205,20000000.000000007,3227532.557942537,22.069082875941017,136.75513711941892,5,845.0,129.0,104.0,207.0,149.0,0.0,115.0,0.0,0.0,24.0,12.0,
21000000,gdp,451763917.11755717,21000000.0,3300464.324633179,21.512567481788437,136.8788972344875,5,845.0,129.0,104.0,207.0,149.0,0.0,115.0,0.0,0.0,24.0,12.0,
22000000,gdp,462059656.0210503,22000000.000000004,3365565.3465290125,21.002711637320463,137.29035346099678,5,845.0,129.0,104.0,207.0,149.0,0.0,115.0,0.0,0.0,24.0,12.0,
23000000,gdp,471386818.7785714,23000000.0,3398526.084126984,20.495079077329194,138.7033105263518,5,845.0,129.0,104.0,207.0,149.0,11.0,115.0,0.0,0.0,24.0,12.0,
24000000,gdp,479186818.7785714,23999999.999999996,3398526.084126984,19.966117449107145,140.99842311543281,5,845.0,129.0,104.0,207.0,149.0,11.0,115.0,0.0,0.0,24.0,12.0,
25000000,gdp,486628332.9019878,25000000.0,3365979.3466237197,19.465133316079513,144.57258431787628,5,845.0,129.0,104.0,207.0,149.0,11.0,115.0,0.0,0.0,24.0,12.0,
26000000,gdp,493898192.7435478,26000000.0,3305772.155886364,18.9960843362903,149.40478939666087,5,845.0,129.0,104.0,207.0,149.0,11.0,115.0,0.0,0.0,24.0,12.0,
27000000,gdp,501168052.5851078,26999999.999999996,3245564.965149009,18.561779725374365,154.41627512210292,5,845.0,129.0,104.0,207.0,149.0,11.0,115.0,0.0,0.0,24.0,12.0,
28000000,gdp,508437912.42666787,27999999.999999996,3185357.7744116536,18.158496872380997,159.617207370239,5,845.0,129.0,104.0,207.0,149.0,11.0,115.0,0.0,0.0,24.0,12.0,
29000000,gdp,515707772.2682278,29000000.0,3125150.5836742986,17.78302662993889,165.01853541466807,5,845.0,129.0,104.0,207.0,149.0,11.0,115.0,0.0,0.0,24.0,12.0,
30000000,gdp,522977632.1097878,29999999.999999993,3064943.392936943,17.432587736992932,170.63206887114842,5,845.0,129.0,104.0,207.0,149.0,11.0,115.0,0.0,0.0,24.0,12.0,
31000000,gdp,530247491.9513479,31000000.0,3004736.2021995876,17.10475780488219,176.4705638928254,5,845.0,129.0,104.0,207.0,149.0,11.0,115.0,0.0,0.0,24.0,12.0,
32000000,gdp,537517351.792908,32000000.0,2944529.011462232,16.797417243528372,182.54781994013388,5,845.0,129.0,104.0,207.0,149.0,11.0,115.0,0.0,0.0,24.0,12.0,
33000000,gdp,544787211.634468,33000000.0,2884321.820724877,16.508703382862667,188.87878867052154,5,845.0,129.0,104.0,207.0,149.0,11.0,115.0,0.0,0.0,24.0,12.0,
34000000,gdp,552057071.476028,34000000.0,2824114.629987522,16.23697269047141,195.47969675666712,5,845.0,129.0,104.0,207.0,149.0,11.0,115.0,0.0,0.0,24.0,12.0,
35000000,gdp,559326931.317588,35000000.0,2763907.4392501665,15.980769466216799,202.36818475705917,5,845.0,129.0,104.0,207.0,149.0,11.0,115.0,0.0,0.0,24.0,12.0,
36000000,gdp,566596791.159148,36000000.00000001,2703700.2485128115,15.738799754420773,209.56346454116294,5,845.0,129.0,104.0,207.0,149.0,11.0,115.0,0.0,0.0,24.0,12.0,
37000000,gdp,573866651.000708,36999999.99999999,2643493.057775456,15.509909486505624,217.0864982273214,5,845.0,129.0,104.0,207.0,149.0,11.0,115.0,0.0,0.0,24.0,12.0,
38000000,gdp,581136510.8422681,38000000.00000001,2583285.8670381005,15.293066074796526,224.96020214308595,5,845.0,129.0,104.0,207.0,149.0,11.0,115.0,0.0,0.0,24.0,12.0,
39000000,gdp,588406370.6838281,39000000.0,2523078.6763007455,15.087342838046874,233.20967998767682,5,845.0,129.0,104.0,207.0,149.0,11.0,115.0,0.0,0.0,24.0,12.0,
40000000,gdp,595676230.5253881,40000000.0,2462871.4855633904,14.891905763134703,241.8624901936875,5,845.0,129.0,104.0,207.0,149.0,11.0,115.0,0.0,0.0,24.0,12.0,
41000000,gdp,602946090.3669481,40999999.99999999,2402664.2948260354,14.706002204071908,250.94895348690582,5,845.0,129.0,104.0,207.0,149.0,11.0,115.0,0.0,0.0,24.0,12.0,
42000000,gdp,610215950.2085081,41999999.99999999,2342457.10408868,14.528951195440673,260.502507876621,5,845.0,129.0,104.0,207.0,149.0,11.0,115.0,0.0,0.0,24.0,12.0,
43000000,gdp,617485810.0500683,43000000.0,2282249.9133513244,14.360135117443448,270.56011983513827,5,845.0,129.0,104.0,207.0,149.0,11.0,115.0,0.0,0.0,24.0,12.0,
44000000,gdp,624755669.8916283,44000000.0,2222042.7226139694,14.198992497537006,281.1627623237943,5,845.0,129.0,104.0,207.0,149.0,11.0,115.0,0.0,0.0,24.0,12.0,
45000000,gdp,632002235.3275031,45000000.0,2191992.2533861706,14.044494118388958,288.32320659490995,5,845.0,129.0,104.0,207.0,149.0,11.0,115.0,0.0,0.0,24.0,12.0,
46000000,gdp,639210252.4389771,46000000.0,2211846.0873343507,13.895875053021241,288.99400193316967,5,845.0,129.0,104.0,207.0,149.0,11.0,115.0,0.0,0.0,24.0,12.0,
47000000,gdp,646418269.5504512,47000000.0,2231699.9212825308,13.75358020320109,289.6528621011746,5,845.0,129.0,104.0,207.0,149.0,11.0,115.0,0.0,0.0,24.0,12.0,
48000000,gdp,653260925.3426906,47999999.99999999,2269975.3231004113,13.609602611306055,287.78327178043685,5,845.0000000000001,129.0,104.0,207.0,149.0,11.0,115.0,0.0,0.0,24.0,12.0,
49000000,gdp,659775503.6107782,49000000.0,2324792.438721897,13.464806196138332,283.7997459994766,5,845.0000000000002,129.0,104.0,207.0,149.0,11.0,115.0,0.0,0.0,24.0,12.0,
50000000,gdp,666290081.878866,50000000.0,2379609.554343382,13.32580163757732,279.99975065771616,5,845.0000000000001,129.0,104.0,207.0,149.0,11.0,115.0,0.0,0.0,24.0,12.0,
51000000,gdp,672804660.1469536,51000000.0,2434426.6699648686,13.19224823817556,276.37088783481937,5,845.0,129.0,104.0,207.0,149.0,11.0,115.0,0.0,0.0,24.0,12.0,
52000000,gdp,679319238.4150412,52000000.0,2489243.7855863525,13.063831507981561,272.9018516983159,5,845.0000000000001,129.0,104.0,207.0,149.0,11.0,115.0,0.0,0.0,24.0,12.0,
53000000,gdp,685833816.6831288,53000000.00000001,2544060.901207839,12.940260692134505,269.58231084700714,5,845.0000000000002,129.0,104.0,207.0,149.0,11.0,115.0,0.0,0.0,24.0,12.0,
54000000,gdp,692348394.9512165,54000000.00000001,2598878.0168293244,12.821266573170673,266.4028055444839,5,845.0000000000002,129.0,104.0,207.0,149.0,11.0,115.0,0.0,0.0,24.0,12.0,
55000000,gdp,698862973.2193041,55000000.00000001,2653695.1324508097,12.706599513078254,263.35465768966156,5,845.0000000000001,129.0,104.0,207.0,149.0,11.0,115.0,0.0,0.0,24.0,12.0,
56000000,gdp,705377551.4873916,56000000.0,2708512.2480722954,12.596027705131993,260.42989171986335,5,845.0000000000001,129.0,104.0,207.0,149.0,11.0,115.0,0.0,0.0,24.0,12.0,
57000000,gdp,711892129.7554793,57000000.0,2763329.3636937807,12.489335609745252,257.6211649283396,5,845.0,129.0,104.0,207.0,149.0,11.0,115.0,0.0,0.0,24.0,12.0,
58000000,gdp,718406708.0235668,58000000.0,2818146.479315266,12.386322552130462,254.92170591434993,5,845.0000000000002,129.0,104.0,207.0,149.0,11.0,115.0,0.0,0.0,24.0,12.0,
59000000,gdp,724591289.510388,59000000.0,2818544.806374401,12.281208296786238,257.0799257374435,5,845.0,129.0,104.0,207.0,149.0,11.0,115.0,0.0,0.0,24.0,12.0,
60000000,gdp,730649408.8274723,59999999.99999999,2798088.6328240563,12.17749014712454,261.1244691309303,5,845.0,129.0,104.0,207.0,149.0,11.0,115.0,0.0,0.0,24.0,12.0,
61000000,gdp,736707528.1445568,61000000.0,2777632.4592737122,12.077172592533717,265.2285854757001,5,845.0,129.0,104.0,207.0,149.0,11.0,115.0,0.0,0.0,24.0,12.0,
62000000,gdp,742765647.4616412,61999999.99999999,2757176.2857233672,11.980091088090989,269.3936007311809,5,845.0,129.0,104.0,207.0,149.0,11.0,115.0,0.0,0.0,24.0,12.0,
63000000,gdp,748823766.7787255,63000000.0,2736720.1121730227,11.886091536170246,273.6208805014193,5,845.0,129.0,104.0,207.0,149.0,11.0,115.0,0.0,0.0,24.0,12.0,
64000000,gdp,754819250.852109,64000000.000000015,2715467.3034740025,11.7940507945642,277.97029626776924,5,845.0,129.0,104.0,207.0,149.0,11.0,115.0,0.0,0.0,24.0,12.0,
65000000,gdp,760658930.3237239,65000000.0,2712097.474017744,11.702445081903445,280.4688760676702,5,845.0,129.0,104.0,207.0,149.0,11.0,115.0,0.0,0.0,24.0,12.0,
66000000,gdp,766390134.3794906,65999999.99999999,2729841.4537389097,11.611971733022587,280.745291390388,5,845.0,129.0,104.0,207.0,149.0,11.0,115.0,0.0,0.0,24.0,12.0,
67000000,gdp,772121338.4352577,66999999.999999985,2747585.4334600754,11.524199081123252,281.01813651811136,5,845.0,129.0,104.0,207.0,149.0,11.0,115.0,0.0,0.0,24.0,12.0,
68000000,gdp,777852542.4910243,68000000.0,2765329.413181242,11.43900797780918,281.2874801762517,5,845.0,129.0,104.0,207.0,149.0,11.0,115.0,0.0,0.0,24.0,12.0,
69000000,gdp,783583746.5467911,69000000.0,2783073.392902408,11.356286181837552,281.55338933753677,5,845.0,129.0,104.0,207.0,149.0,11.0,115.0,0.0,0.0,24.0,12.0,
70000000,gdp,789314950.6025579,69999999.99999999,2800817.372623574,11.27592786575083,281.81592927752837,5,845.0,129.0,104.0,207.0,149.0,11.0,115.0,0.0,0.0,24.0,12.0,
71000000,gdp,795046154.6583246,70999999.99999999,2818561.3523447397,11.197833164201757,282.07516362804444,5,845.0,129.0,104.0,207.0,149.0,11.0,115.0,0.0,0.0,24.0,12.0,
72000000,gdp,800777358.7140913,72000000.0,2836305.3320659054,11.121907759917935,282.33115442857553,5,845.0,129.0,104.0,207.0,149.0,11.0,115.0,0.0,0.0,24.0,12.0,
73000000,gdp,806508562.7698584,72999999.99999999,2854049.311787072,11.048062503696691,282.5839621757833,5,845.0,129.0,104.0,207.0,149.0,11.0,115.0,0.0,0.0,24.0,12.0,
74000000,gdp,812239766.825625,73999999.99999999,2871793.291508238,10.97621306521115,282.83364587116387,5,845.0,129.0,104.0,207.0,149.0,11.0,115.0,0.0,0.0,24.0,12.0,
75000000,gdp,817970970.8813918,74999999.99999999,2889537.271229404,10.906279611751893,283.08026306695524,5,845.0,129.0,104.0,207.0,149.0,11.0,115.0,0.0,0.0,24.0,12.0,
76000000,gdp,823702174.9371585,76000000.0,2907281.25095057,10.838186512331033,283.3238699103636,5,845.0,129.0,104.0,207.0,149.0,11.0,115.0,0.0,0.0,24.0,12.0,
77000000,gdp,829433378.9929253,77000000.0,2925025.2306717364,10.771862064843186,283.56452118617955,5,845.0,129.0,104.0,207.0,149.0,11.0,115.0,0.0,0.0,24.0,12.0,
78000000,gdp,835164583.0486921,78000000.0,2942769.2103929017,10.707238244214002,283.8022703578531,5,845.0,129.0,104.0,207.0,149.0,11.0,115.0,0.0,0.0,24.0,12.0,
79000000,gdp,840895787.1044589,79000000.0,2960513.190114068,10.644250469676695,284.0371696070908,5,845.0,129.0,104.0,207.0,149.0,11.0,115.0,0.0,0.0,24.0,12.0,
80000000,gdp,846586656.9588289,79999999.99999997,2976448.7951808805,10.582333211985366,284.4284297211911,5,845.0,129.0,104.0,207.0,149.0,11.0,115.0,0.0,0.0,24.0,12.0,
81000000,gdp,851945255.2716129,80999999.99999999,2977487.0820076168,10.517842657674235,286.1289509599402,5,845.0,129.0,104.0,207.0,149.0,11.0,115.0,0.0,0.0,24.0,12.0,
82000000,gdp,857303853.5843968,81999999.99999997,2978525.3688343526,10.45492504371216,287.82828662624524,5,845.0,129.0,104.0,207.0,149.0,11.0,115.0,0.0,0.0,24.0,12.0,
83000000,gdp,862662451.8971808,82999999.99999997,2979563.6556610884,10.393523516833508,289.5264379595133,5,845.0,129.0,104.0,207.0,149.0,11.0,115.0,0.0,0.0,24.0,12.0,
84000000,gdp,868021050.2099648,83999999.99999999,2980601.9424878242,10.333583931071011,291.2234061974247,5,845.0,129.0,104.0,207.0,149.0,11.0,115.0,0.0,0.0,24.0,12.0,
85000000,gdp,873379648.5227485,84999999.99999997,2981640.22931456,10.275054688502927,292.9191925759356,5,845.0,129.0,104.0,207.0,149.0,11.0,115.0,0.0,0.0,24.0,12.0,
86000000,gdp,878738246.8355324,85999999.99999997,2982678.5161412964,10.217886591110846,294.6137983292815,5,845.0,129.0,104.0,207.0,149.0,11.0,115.0,0.0,0.0,24.0,12.0,
87000000,gdp,884096845.1483161,86999999.99999997,2983716.8029680317,10.162032702854212,296.3072246899796,5,845.0,129.0,104.0,207.0,149.0,11.0,115.0,0.0,0.0,24.0,12.0,
88000000,gdp,889455443.4611001,87999999.99999996,2984755.089794768,10.10744822114887,297.99947288883226,5,845.0,129.0,104.0,207.0,149.0,11.0,115.0,0.0,0.0,24.0,12.0,
89000000,gdp,894814041.773884,88999999.99999997,2985793.3766215034,10.054090357009937,299.69054415492997,5,845.0,129.0,104.0,207.0,149.0,11.0,115.0,0.0,0.0,24.0,12.0,
90000000,gdp,900172640.086668,89999999.99999994,2986831.6634482397,10.001918223185207,301.3804397156538,5,845.0,129.0,104.0,207.0,149.0,11.0,115.0,0.0,0.0,24.0,12.0,
91000000,gdp,905531238.3994519,90999999.99999996,2987869.9502749755,9.95089272966431,303.069160796679,5,845.0,129.0,104.0,207.0,149.0,11.0,115.0,0.0,0.0,24.0,12.0,
92000000,gdp,910889836.7122358,92000000.00000001,2988908.2371017113,9.90097648600256,304.75670862197785,5,845.0,129.0,104.0,207.0,149.0,11.0,115.0,0.0,0.0,24.0,12.0,
93000000,gdp,916248435.0250198,92999999.99999999,2989946.523928447,9.85213370994645,306.4430844138223,5,845.0,129.0,104.0,207.0,149.0,11.0,115.0,0.0,0.0,24.0,12.0,
94000000,gdp,921607033.337804,94000000.00000003,2990984.810755183,9.804330141891528,308.1282893927872,5,845.0,129.0,104.0,207.0,149.0,11.0,115.0,0.0,0.0,24.0,12.0,
95000000,gdp,926965631.6505878,95000000.00000003,2992023.0975819193,9.757532964743026,309.8123247777529,5,845.0,129.0,104.0,207.0,149.0,11.0,115.0,0.0,0.0,24.0,12.0,
96000000,gdp,932324229.9633716,96000000.00000003,2993061.3844086546,9.711710728785118,311.49519178590884,5,845.0,129.0,104.0,207.0,149.0,11.0,115.0,0.0,0.0,24.0,12.0,
97000000,gdp,937682828.2761556,97000000.00000001,2994099.671235391,9.666833281197478,313.1768916327557,5,845.0,129.0,104.0,207.0,149.0,11.0,115.0,0.0,0.0,24.0,12.0,
98000000,gdp,943041426.5889394,98000000.0,2995137.9580621268,9.622871699887137,314.8574255321091,5,845.0,129.0,104.0,207.0,149.0,11.0,115.0,0.0,0.0,24.0,12.0,
99000000,gdp,948400024.9017234,98999999.99999999,2996176.2448888626,9.57979823133054,316.5367946961019,5,845.0,129.0,104.0,207.0,149.0,11.0,115.0,0.0,0.0,24.0,12.0,
100000000,gdp,953758623.2145072,100000000.0,2997214.5317155984,9.537586232145072,318.21500033518726,5,845.0,129.0,104.0,207.0,149.0,11.0,115.0,0.0,0.0,24.0,12.0,
