good,variant,ban_config,status,error_type,error_message,scenario,terminal_good,objective,solver_status,solver_message,objective_value,target_quantity,target_base_value,terminal_base_price,terminal_gross_output,terminal_net_output,terminal_surplus,system_gdp_weekly,system_gdp_annual,chain_gdp_weekly,chain_gdp_annual,system_employment,chain_employment,system_construction_cost,chain_construction_cost,system_arable_land,chain_arable_land,system_net_infrastructure_usage,chain_net_infrastructure_usage,employment_per_terminal_unit,construction_per_terminal_unit,gdp_per_terminal_unit,output_per_10k_workers,realized_process_count,realized_good_count,realized_edge_count,allowed_process_count,allowed_good_count,allowed_edge_count,cyclic_component_count,cyclic_node_count,condensation_depth,extractive_process_count,resource_process_count,chain_gdp_share,chain_employment_share,chain_construction_share,chain_arable_land_share,chain_infrastructure_share
ammunition,base,cangshulun_video,success,,,base:ammunition,ammunition,automation,0,Optimization terminated successfully. (HiGHS Status 7: Optimal),75961.93529958226,2000.0,100000.0,50.0,1999.9999999999998,1999.9999999999998,-2.2737367544323206e-13,99999.99999999991,5199999.999999995,99999.99999999991,5199999.999999995,75961.93529958227,75961.93529958226,16657.968162401787,16657.968162401787,0.0,0.0,-4.22823812181263,-4.22823812181263,37.98096764979113,8.328984081200895,49.999999999999964,263.2897637629038,17,17,83,894,33,4090,1,30,4,7,2,1.0,0.9999999999999998,1.0,0.0,1.0
small_arms,base,cangshulun_video,success,,,base:small_arms,small_arms,automation,0,Optimization terminated successfully. (HiGHS Status 7: Optimal),56632.39682285028,1666.6666666666667,100000.0,60.0,1666.6666666666667,1666.6666666666667,0.0,100000.00000000004,5200000.000000002,100000.00000000004,5200000.000000002,56632.39682285028,56632.39682285028,11336.03208530034,11336.032085300338,0.0,0.0,-17.694482670865142,-17.69448267086515,33.979438093710165,6.8016192511802025,60.00000000000002,294.29562585530425,16,16,82,900,33,4125,1,29,3,6,1,1.0,1.0,0.9999999999999999,0.0,1.0000000000000004
artillery,base,cangshulun_video,success,,,base:artillery,artillery,automation,0,Optimization terminated successfully. (HiGHS Status 7: Optimal),56478.50238561768,1428.5714285714287,100000.0,70.0,1428.5714285714287,1428.5714285714287,0.0,100000.00000000001,5200000.000000001,100000.00000000003,5200000.000000002,56478.502385617685,56478.50238561768,11351.621158047685,11351.621158047685,0.0,0.0,-7.617627526405862,-7.617627526405855,39.53495166993237,7.946134810633379,70.00000000000001,252.94074173879233,16,16,76,900,33,4119,1,30,2,6,2,1.0000000000000002,0.9999999999999999,1.0,0.0,0.9999999999999991
tanks,base,cangshulun_video,success,,,base:tanks,tanks,automation,0,Optimization terminated successfully. (HiGHS Status 7: Optimal),174531.59496862692,1250.0,100000.0,80.0,1250.0,1250.0,0.0,162499.99999999988,8449999.999999994,162499.99999999988,8449999.999999994,174531.59496862692,174531.5949686269,33661.56421552193,33661.56421552194,0.0,0.0,11.077186767835599,11.077186767835583,139.6252759749015,26.92925137241755,129.99999999999991,71.62027025678044,16,17,79,890,32,4084,1,30,2,6,2,1.0,0.9999999999999998,1.0000000000000002,0.0,0.9999999999999986
aeroplanes,base,cangshulun_video,success,,,base:aeroplanes,aeroplanes,automation,0,Optimization terminated successfully. (HiGHS Status 7: Optimal),377056.52006608463,1250.0,100000.0,80.0,1250.0,1250.0,0.0,349999.99999999977,18199999.99999999,349999.99999999977,18199999.99999999,377056.5200660847,377056.52006608463,68621.79308945508,68621.79308945507,2.5510204081632653,2.5510204081632653,-11.365377464715714,-11.365377464715692,301.6452160528677,54.897434471564054,279.99999999999983,33.151528576695064,18,19,89,890,32,4084,1,28,4,7,2,1.0,0.9999999999999999,0.9999999999999998,1.0,0.9999999999999981
grain,base,cangshulun_video,success,,,base:grain,grain,automation,0,Optimization terminated successfully. (HiGHS Status 7: Optimal),117880.72104335079,5000.0,100000.0,20.0,5000.0,5000.0,0.0,100000.0,5200000.0,100000.0,5200000.0,117880.72104335077,117880.72104335079,12301.123179791117,12301.123179791119,34.01360544217687,34.01360544217687,-13.554505485921986,-13.554505485921979,23.576144208670158,2.4602246359582236,20.0,424.1575684085987,16,16,75,888,32,4066,1,30,2,6,2,1.0,1.0000000000000002,1.0000000000000002,1.0,0.9999999999999994
fish,base,cangshulun_video,success,,,base:fish,fish,automation,0,Optimization terminated successfully. (HiGHS Status 7: Optimal),95287.85087626515,5000.0,100000.0,20.0,5000.0,5000.0,0.0,99999.99999999999,5199999.999999999,99999.99999999999,5199999.999999999,95287.85087626518,95287.85087626516,14597.381869496963,14597.381869496963,0.0,0.0,-144.19122308878562,-144.19122308878562,19.057570175253034,2.9194763738993927,19.999999999999996,524.7258652619511,17,17,80,888,32,4066,1,30,4,7,2,1.0,0.9999999999999999,1.0,0.0,1.0
fabric,base,cangshulun_video,success,,,base:fabric,fabric,automation,0,Optimization terminated successfully. (HiGHS Status 7: Optimal),169133.60345484994,5000.0,100000.0,20.0,5000.0,5000.0,0.0,99999.99999999997,5199999.999999998,99999.99999999996,5199999.999999998,169133.60345484997,169133.60345484994,9971.78477224786,9971.78477224786,25.510204081632654,25.510204081632654,-121.41753064389222,-121.41753064389225,33.82672069096999,1.994356954449572,19.999999999999993,295.6242815068234,16,16,74,888,32,4066,1,30,2,6,2,0.9999999999999999,0.9999999999999998,1.0,1.0,1.0000000000000002
wood,base,cangshulun_video,success,,,base:wood,wood,automation,0,Optimization terminated successfully. (HiGHS Status 7: Optimal),87223.2911008446,5000.0,100000.0,20.0,5002.634964023556,5000.0,0.0,100000.00000000001,5200000.000000001,100000.00000000001,5200000.000000001,87223.2911008446,87223.29110084461,12441.766961315796,12441.766961315796,0.0,0.0,-166.41743084232053,-166.41743084232053,17.44465822016892,2.4883533922631593,20.000000000000004,573.2413827654324,15,15,71,888,32,4066,1,30,0,6,2,1.0,1.0000000000000002,1.0,0.0,1.0
groceries,base,cangshulun_video,success,,,base:groceries,groceries,automation,0,Optimization terminated successfully. (HiGHS Status 7: Optimal),97167.00861148963,3333.3333333333335,100000.0,30.0,3333.3333333333335,3333.3333333333335,0.0,101002.50626566415,5252130.325814536,101002.50626566417,5252130.325814537,97167.00861148964,97167.00861148963,12640.644861010172,12640.644861010172,12.96143884758278,12.96143884758278,-27.95225680738116,-27.952256807381154,29.150102583446888,3.7921934583030517,30.30075187969925,343.0519659878857,21,22,104,994,33,4725,1,30,6,7,2,1.0000000000000002,0.9999999999999999,1.0,1.0,0.9999999999999998
clothes,base,cangshulun_video,success,,,base:clothes,clothes,automation,0,Optimization terminated successfully. (HiGHS Status 7: Optimal),108159.78999944896,3333.3333333333335,100000.0,30.0,3333.333333333334,3333.333333333334,4.547473508864641e-13,100000.00000000001,5200000.000000001,100000.00000000001,5200000.000000001,108159.78999944896,108159.78999944897,15439.74991396108,15439.74991396108,7.28862973760933,7.28862973760933,-20.350885682726783,-20.35088568272679,32.44793699983469,4.6319249741883235,30.0,308.1860027049161,17,17,79,922,35,4242,1,30,4,6,2,1.0,1.0000000000000002,1.0,1.0,1.0000000000000004
furniture,base,cangshulun_video,success,,,base:furniture,furniture,automation,0,Optimization terminated successfully. (HiGHS Status 7: Optimal),84536.67333367845,3333.3333333333335,100000.0,30.0,3333.3333333333335,3333.3333333333335,0.0,100000.00000000003,5200000.000000002,100000.00000000004,5200000.000000002,84536.67333367845,84536.67333367844,15213.386616526164,15213.386616526164,1.5460729746444033,1.5460729746444033,-47.79784060782321,-47.79784060782321,25.36100200010353,4.564015984957849,30.00000000000001,394.3061871119752,17,17,80,920,34,4264,1,30,4,6,2,1.0000000000000002,0.9999999999999998,1.0,1.0,1.0
paper,base,cangshulun_video,success,,,base:paper,paper,automation,0,Optimization terminated successfully. (HiGHS Status 7: Optimal),91425.46724414894,3333.3333333333335,100000.0,30.0,3353.4938268205906,3333.3333333333335,0.0,99999.99999999946,5199999.999999972,99999.99999999948,5199999.999999973,91425.46724414895,91425.46724414895,16086.738876436442,16086.738876436439,0.0,0.0,-22.088180304137765,-22.088180304137765,27.427640173244686,4.826021662930931,29.99999999999984,364.5957120931925,15,15,71,888,32,4066,1,30,0,6,2,1.0000000000000002,1.0,0.9999999999999998,0.0,1.0
services,base,cangshulun_video,success,,,base:services,services,automation,0,Optimization terminated successfully. (HiGHS Status 7: Optimal),440402.8402568552,3333.3333333333335,100000.0,30.0,3333.333333333334,3333.333333333334,4.547473508864641e-13,118678.76843276602,6171295.958503833,118678.76843276602,6171295.958503833,440402.8402568552,440402.84025685524,3889.4530626523483,3889.4530626523488,0.0,0.0,-151.28875626678604,-151.28875626678607,132.12085207705655,1.1668359187957045,35.6036305298298,75.68827965299317,18,19,92,888,32,4066,1,36,1,7,2,1.0,1.0000000000000002,1.0000000000000002,0.0,1.0000000000000002
transportation,base,cangshulun_video,success,,,base:transportation,transportation,automation,0,Optimization terminated successfully. (HiGHS Status 7: Optimal),51757.50824776445,3333.3333333333335,100000.0,30.0,3428.424021297233,3333.333333333333,-4.547473508864641e-13,100000.0,5200000.0,100000.0,5200000.0,51757.50824776445,51757.50824776445,26629.759622379683,26629.75962237968,0.0,0.0,-1522.1255056436303,-1522.1255056436303,15.527252474329336,7.988927886713904,30.000000000000004,644.0289430813759,15,15,71,888,32,4066,1,30,0,6,2,1.0,1.0,0.9999999999999999,0.0,1.0
electricity,base,cangshulun_video,success,,,base:electricity,electricity,automation,0,Optimization terminated successfully. (HiGHS Status 7: Optimal),51859.29618613819,3333.3333333333335,100000.0,30.0,3418.1849547953434,3333.3333333333335,0.0,99999.99999999999,5199999.999999999,100000.00000000001,5200000.000000001,51859.29618613819,51859.29618613819,13528.225558297496,13528.225558297496,0.0,0.0,-10.910341747624017,-10.910341747624024,15.557788855841457,4.058467667489248,30.000000000000004,642.7648615532738,15,15,71,888,32,4066,1,30,0,6,2,1.0000000000000002,1.0,1.0,0.0,1.0000000000000007
merchant_marine,base,cangshulun_video,success,,,base:merchant_marine,merchant_marine,automation,0,Optimization terminated successfully. (HiGHS Status 7: Optimal),68784.60316298588,2000.0,100000.0,50.0,1999.9999999999998,1999.9999999999998,-2.2737367544323206e-13,99999.99999999999,5199999.999999999,99999.99999999999,5199999.999999999,68784.60316298586,68784.60316298588,17365.583699760886,17365.583699760882,0.0,0.0,-155.15605263562944,-155.15605263562946,34.392301581492944,8.682791849880442,50.0,290.7627445724994,17,17,78,891,33,4074,1,30,4,6,2,1.0,1.0000000000000002,0.9999999999999998,0.0,1.0000000000000002
clippers,base,cangshulun_video,success,,,base:clippers,clippers,automation,0,Optimization terminated successfully. (HiGHS Status 7: Optimal),175534.6771252445,1666.6666666666667,100000.0,60.0,1666.6666666666667,1666.6666666666667,0.0,99999.99999999999,5199999.999999999,99999.99999999999,5199999.999999999,175534.6771252445,175534.6771252445,20847.32527692865,20847.32527692865,2.4295432458697768,2.4295432458697768,-23.764162986527083,-23.764162986527083,105.3208062751467,12.508395166157188,59.999999999999986,94.94800081453396,17,17,84,888,32,4066,1,29,4,6,1,1.0,1.0,1.0,1.0,1.0
steamers,base,cangshulun_video,success,,,base:steamers,steamers,automation,0,Optimization terminated successfully. (HiGHS Status 7: Optimal),123611.22449416074,1428.5714285714287,100000.0,70.0,1428.5714285714287,1428.5714285714287,0.0,100000.00000000001,5200000.000000001,100000.0,5200000.0,123611.22449416074,123611.22449416072,18008.74787206438,18008.74787206438,0.0,0.0,25.891723515399047,25.891723515399043,86.52785714591249,12.606123510445066,70.0,115.56971742796004,16,16,75,888,32,4066,1,30,2,6,2,0.9999999999999999,0.9999999999999999,1.0,0.0,0.9999999999999999
silk,base,cangshulun_video,success,,,base:silk,silk,automation,0,Optimization terminated successfully. (HiGHS Status 7: Optimal),118113.19529158466,2500.0,100000.0,40.0,2500.0,2500.0,0.0,99999.99999999997,5199999.999999998,99999.99999999996,5199999.999999998,118113.19529158466,118113.19529158466,9971.78477224786,9971.78477224786,25.510204081632654,25.510204081632654,-121.41753064389222,-121.41753064389225,47.24527811663386,3.988713908899144,39.999999999999986,211.6613638153027,16,16,74,892,33,4074,1,30,2,6,2,0.9999999999999999,1.0,1.0,1.0,1.0000000000000002
dye,base,cangshulun_video,success,,,base:dye,dye,automation,0,Optimization terminated successfully. (HiGHS Status 7: Optimal),99501.78147404292,2500.0,100000.0,40.0,2502.2452621383713,2500.0,0.0,100000.0,5200000.0,100000.0,5200000.0,99501.78147404289,99501.78147404292,15918.05760377651,15918.05760377651,0.0,0.0,16.639541201225207,16.639541201225207,39.80071258961717,6.367223041510604,40.0,251.2517829293515,15,15,71,888,32,4066,1,30,0,6,2,1.0,1.0000000000000002,1.0,0.0,1.0
sulfur,base,cangshulun_video,success,,,base:sulfur,sulfur,automation,0,Optimization terminated successfully. (HiGHS Status 7: Optimal),50311.502112028225,2000.0,100000.0,50.0,2082.984145728832,2000.0000000000002,2.2737367544323206e-13,99999.99999999999,5199999.999999999,100000.0,5200000.0,50311.50211202823,50311.502112028225,7974.921915657669,7974.921915657669,0.0,0.0,-34.05551101442434,-34.05551101442434,25.15575105601411,3.987460957828834,49.99999999999999,397.52341234944964,15,15,71,888,32,4066,1,30,0,6,2,1.0000000000000002,0.9999999999999999,1.0,0.0,1.0
coal,base,cangshulun_video,success,,,base:coal,coal,automation,0,Optimization terminated successfully. (HiGHS Status 7: Optimal),72286.64096555782,3333.3333333333335,100000.0,30.0,3401.594046306745,3333.3333333333335,0.0,99999.99999999997,5199999.999999998,99999.99999999999,5199999.999999999,72286.64096555782,72286.64096555782,11458.221143186307,11458.221143186305,0.0,0.0,-48.930331917276334,-48.93033191727634,21.685992289667343,3.4374663429558914,29.999999999999993,461.1271583253614,15,15,71,888,32,4066,1,30,0,6,2,1.0000000000000002,1.0,0.9999999999999999,0.0,1.0000000000000002
iron,base,cangshulun_video,success,,,base:iron,iron,automation,0,Optimization terminated successfully. (HiGHS Status 7: Optimal),69877.08626670588,2500.0,100000.0,40.0,2636.6887023351505,2499.9999999999995,-4.547473508864641e-13,99999.99999999999,5199999.999999999,99999.99999999999,5199999.999999999,69877.08626670588,69877.08626670588,11076.280438413429,11076.280438413427,0.0,0.0,-47.29932085336714,-47.299320853367135,27.95083450668236,4.430512175365371,40.0,357.7710711145045,15,15,71,888,32,4066,1,30,0,6,2,1.0,1.0,0.9999999999999999,0.0,0.9999999999999999
lead,base,cangshulun_video,success,,,base:lead,lead,automation,0,Optimization terminated successfully. (HiGHS Status 7: Optimal),69877.0862667059,2500.0,100000.0,40.0,2500.0,2500.0,0.0,99999.99999999997,5199999.999999998,99999.99999999999,5199999.999999999,69877.08626670588,69877.0862667059,11076.280438413432,11076.28043841343,0.0,0.0,-47.29932085336712,-47.29932085336712,27.95083450668236,4.430512175365372,39.99999999999999,357.7710711145045,16,16,78,888,32,4066,1,30,2,7,2,1.0000000000000002,1.0000000000000002,0.9999999999999999,0.0,1.0
hardwood,base,cangshulun_video,success,,,base:hardwood,hardwood,automation,0,Optimization terminated successfully. (HiGHS Status 7: Optimal),179541.00023154356,2500.0,100000.0,40.0,2500.0,2500.0,0.0,99999.9999999999,5199999.999999994,99999.99999999988,5199999.999999994,179541.00023154358,179541.00023154356,22315.19090837557,22315.19090837557,0.0,0.0,-325.0105284022255,-325.0105284022255,71.81640009261743,8.926076363350228,39.99999999999995,139.24396080983706,15,15,74,888,32,4066,1,28,2,6,1,0.9999999999999999,0.9999999999999999,1.0,0.0,1.0
rubber,base,cangshulun_video,success,,,base:rubber,rubber,automation,0,Optimization terminated successfully. (HiGHS Status 7: Optimal),161421.21617435638,2500.0,100000.0,40.0,2504.5748058103395,2500.0,0.0,99999.99999999997,5199999.999999998,99999.99999999999,5199999.999999999,161421.21617435638,161421.21617435638,10683.697444293422,10683.697444293422,0.0,0.0,-117.85796728366441,-117.85796728366441,64.56848646974255,4.273478977717369,39.99999999999999,154.87431325629882,15,15,71,888,32,4066,1,30,0,6,2,1.0000000000000002,1.0,1.0,0.0,1.0
oil,base,cangshulun_video,success,,,base:oil,oil,automation,0,Optimization terminated successfully. (HiGHS Status 7: Optimal),47741.6241022758,2500.0,100000.0,40.0,2713.6021726566332,2500.0000000000005,4.547473508864641e-13,100000.0,5200000.0,100000.0,5200000.0,47741.62410227581,47741.624102275804,8546.95795543474,8546.95795543474,0.0,0.0,-94.28637382693155,-94.28637382693154,19.096649640910318,3.4187831821738954,39.99999999999999,523.6520640027467,15,15,71,888,32,4066,1,30,0,6,2,1.0,0.9999999999999999,1.0,0.0,0.9999999999999999
engines,base,cangshulun_video,success,,,base:engines,engines,automation,0,Optimization terminated successfully. (HiGHS Status 7: Optimal),59840.60035640602,1666.6666666666667,100000.0,60.0,1830.1832509611775,1666.6666666666672,4.547473508864641e-13,99999.99999999996,5199999.999999998,99999.99999999996,5199999.999999998,59840.60035640602,59840.60035640603,12657.087953723923,12657.087953723922,0.0,0.0,-22.551832380984184,-22.551832380984187,35.90436021384361,7.59425277223435,59.99999999999996,278.51770482584203,15,15,71,888,32,4066,1,30,0,6,2,1.0,1.0000000000000002,0.9999999999999999,0.0,1.0000000000000002
steel,base,cangshulun_video,success,,,base:steel,steel,automation,0,Optimization terminated successfully. (HiGHS Status 7: Optimal),73096.75359062135,2000.0,100000.0,50.0,2178.8055278399547,2000.0,0.0,100000.00000000004,5200000.000000002,100000.00000000003,5200000.000000002,73096.75359062135,73096.75359062135,14052.888205905629,14052.88820590563,0.0,0.0,-21.103960874875593,-21.103960874875597,36.54837679531067,7.026444102952815,50.000000000000014,273.6099623795891,15,15,71,888,32,4066,1,30,0,6,2,0.9999999999999999,1.0,1.0000000000000002,0.0,1.0000000000000002
glass,base,cangshulun_video,success,,,base:glass,glass,automation,0,Optimization terminated successfully. (HiGHS Status 7: Optimal),61489.053152386135,2500.0,100000.0,40.0,2500.0,2500.0,0.0,100000.00000000001,5200000.000000001,100000.0,5200000.0,61489.053152386135,61489.05315238613,12213.106257772,12213.106257772,0.0,0.0,-23.390575595296504,-23.39057559529651,24.595621260954452,4.8852425031088,40.0,406.57643463859154,17,17,83,888,32,4066,1,30,4,7,2,0.9999999999999999,0.9999999999999999,1.0,0.0,1.0000000000000002
fertilizer,base,cangshulun_video,success,,,base:fertilizer,fertilizer,automation,0,Optimization terminated successfully. (HiGHS Status 7: Optimal),71125.0732798309,3333.3333333333335,100000.0,30.0,3382.0435891919897,3333.3333333333335,0.0,100000.0,5200000.0,100000.0,5200000.0,71125.07327983089,71125.0732798309,11455.334657708174,11455.334657708176,0.0,0.0,-16.376414964650646,-16.37641496465065,21.33752198394927,3.4366003973124526,30.0,468.6579822868983,15,15,71,888,32,4066,1,30,0,6,2,1.0,1.0000000000000002,1.0000000000000002,0.0,1.0000000000000002
tools,base,cangshulun_video,success,,,base:tools,tools,automation,0,Optimization terminated successfully. (HiGHS Status 7: Optimal),64254.9577240296,2500.0,100000.0,40.0,2656.257686447174,2500.0,0.0,100000.0000000001,5200000.000000006,100000.00000000009,5200000.000000005,64254.957724029606,64254.9577240296,12566.050959286751,12566.05095928675,0.0,0.0,-12.937668005176675,-12.937668005176675,25.70198308961184,5.0264203837147,40.000000000000036,389.07503616099467,15,15,71,888,32,4066,1,30,0,6,2,0.9999999999999999,0.9999999999999999,0.9999999999999999,0.0,1.0
explosives,base,cangshulun_video,success,,,base:explosives,explosives,automation,0,Optimization terminated successfully. (HiGHS Status 7: Optimal),64529.922466355834,2000.0,100000.0,50.0,2104.414121199626,1999.9999999999995,-4.547473508864641e-13,99999.9999999999,5199999.999999994,99999.99999999991,5199999.999999995,64529.92246635584,64529.922466355834,11784.120982151824,11784.120982151824,0.0,0.0,-2.274719396212337,-2.274719396212326,32.26496123317792,5.892060491075913,49.999999999999964,309.93373671613284,15,15,71,888,32,4066,1,30,0,6,2,1.0000000000000002,0.9999999999999999,1.0,0.0,0.9999999999999953
porcelain,base,cangshulun_video,success,,,base:porcelain,porcelain,automation,0,Optimization terminated successfully. (HiGHS Status 7: Optimal),112596.79063005093,1428.5714285714287,100000.0,70.0,1428.5714285714287,1428.5714285714287,0.0,119047.61904761904,6190476.19047619,119047.61904761905,6190476.19047619,112596.7906300509,112596.79063005092,20264.57398044961,20264.57398044961,0.0,0.0,-25.98507634309638,-25.98507634309638,78.81775344103563,14.185201786314726,83.33333333333333,126.8749686893969,16,17,78,888,32,4066,1,30,2,6,2,1.0000000000000002,1.0000000000000002,1.0,0.0,1.0
meat,base,cangshulun_video,success,,,base:meat,meat,automation,0,Optimization terminated successfully. (HiGHS Status 7: Optimal),146287.93690547222,3333.3333333333335,100000.0,30.0,3333.333333333334,3333.333333333334,4.547473508864641e-13,109523.80952380956,5695238.095238097,109523.80952380954,5695238.095238096,146287.9369054722,146287.9369054722,13760.80591348907,13760.805913489072,38.87269193391643,38.87269193391643,-16.496300348872005,-16.496300348872,43.88638107164165,4.128241774046721,32.857142857142854,227.86112128215024,16,17,78,888,32,4066,1,30,2,6,2,0.9999999999999999,1.0,1.0000000000000002,1.0,0.9999999999999998
fruit,base,cangshulun_video,success,,,base:fruit,fruit,automation,0,Optimization terminated successfully. (HiGHS Status 7: Optimal),157484.26038877954,3333.3333333333335,100000.0,30.0,3333.333333333334,3333.333333333334,4.547473508864641e-13,100000.0,5200000.0,100000.0,5200000.0,157484.26038877954,157484.26038877954,13295.713029663815,13295.713029663817,34.013605442176875,34.013605442176875,-161.89004085852298,-161.89004085852298,47.245278116633855,3.9887139088991446,29.999999999999993,211.66136381530276,16,16,74,892,32,4074,1,30,2,6,2,1.0,1.0,1.0000000000000002,1.0,1.0
liquor,base,cangshulun_video,success,,,base:liquor,liquor,automation,0,Optimization terminated successfully. (HiGHS Status 7: Optimal),118598.95609758409,3333.3333333333335,100000.0,30.0,3333.3333333333335,3333.3333333333335,0.0,104629.62962962965,5440740.740740742,104629.62962962965,5440740.740740742,118598.9560975841,118598.9560975841,16007.232449356809,16007.232449356803,14.014865205341398,14.014865205341398,-9.038775474303527,-9.038775474303534,35.57968682927523,4.802169734807041,31.388888888888893,281.0592473167,20,21,98,964,33,4558,1,30,6,7,2,1.0,1.0,0.9999999999999997,1.0,1.0000000000000009
wine,base,cangshulun_video,success,,,base:wine,wine,automation,0,Optimization terminated successfully. (HiGHS Status 7: Optimal),94490.55623326771,2000.0,100000.0,50.0,2000.0,2000.0,0.0,99999.99999999999,5199999.999999999,99999.99999999999,5199999.999999999,94490.55623326772,94490.55623326771,7977.427817798288,7977.427817798288,20.408163265306122,20.408163265306122,-97.13402451511377,-97.13402451511377,47.245278116633855,3.988713908899144,49.99999999999999,211.66136381530276,16,16,74,892,33,4074,1,30,2,6,2,1.0,0.9999999999999999,1.0,1.0,1.0
tea,base,cangshulun_video,success,,,base:tea,tea,automation,0,Optimization terminated successfully. (HiGHS Status 7: Optimal),129261.14455757903,2000.0,100000.0,50.0,1999.9999999999998,1999.9999999999998,-2.2737367544323206e-13,99999.99999999997,5199999.999999998,99999.99999999997,5199999.999999998,129261.14455757904,129261.14455757903,8683.103061927508,8683.103061927508,23.323615160349853,23.323615160349853,-110.23710804992486,-110.23710804992484,64.63057227878951,4.341551530963755,49.99999999999999,154.72553696204548,16,16,74,892,33,4074,1,30,2,6,2,1.0,0.9999999999999999,1.0,1.0,0.9999999999999999
coffee,base,cangshulun_video,success,,,base:coffee,coffee,automation,0,Optimization terminated successfully. (HiGHS Status 7: Optimal),108306.8754936573,2000.0,100000.0,50.0,1999.9999999999998,1999.9999999999998,-2.2737367544323206e-13,99999.99999999999,5199999.999999999,99999.99999999999,5199999.999999999,108306.8754936573,108306.8754936573,7990.396777027334,7990.396777027334,16.326530612244895,16.326530612244895,-79.36324111675364,-79.36324111675364,54.15343774682865,3.9951983885136673,50.0,184.66048354585988,16,16,75,900,33,4102,1,30,2,6,2,1.0,1.0,1.0,1.0,1.0
sugar,base,cangshulun_video,success,,,base:sugar,sugar,automation,0,Optimization terminated successfully. (HiGHS Status 7: Optimal),109362.68133321048,3333.3333333333335,100000.0,30.0,3333.333333333334,3333.333333333334,4.547473508864641e-13,100000.00000000001,5200000.000000001,100000.00000000001,5200000.000000001,109362.68133321048,109362.68133321048,7537.194770834322,7537.194770834322,17.006802721088437,17.006802721088437,-83.95533283464991,-83.95533283464991,32.80880439996314,2.2611584312502964,30.0,304.79623329435424,16,16,75,904,32,4114,1,30,2,6,2,1.0,1.0,1.0,1.0,1.0
tobacco,base,cangshulun_video,success,,,base:tobacco,tobacco,automation,0,Optimization terminated successfully. (HiGHS Status 7: Optimal),76031.8604380924,2500.0,100000.0,40.0,2500.0,2500.0,0.0,100000.0,5200000.0,100000.0,5200000.0,76031.8604380924,76031.8604380924,6789.481386218271,6789.481386218271,15.698587127158556,15.698587127158556,-76.42562123205937,-76.42562123205937,30.412744175236956,2.7157925544873085,40.0,328.80952611117294,16,16,76,900,33,4102,1,30,2,6,2,1.0,1.0,1.0,1.0,1.0
opium,base,cangshulun_video,success,,,base:opium,opium,automation,0,Optimization terminated successfully. (HiGHS Status 7: Optimal),84286.47460061465,2000.0,100000.0,50.0,2000.0,2000.0,0.0,99999.99999999999,5199999.999999999,99999.99999999999,5199999.999999999,84286.47460061466,84286.47460061466,7977.427817798289,7977.427817798289,20.408163265306122,20.408163265306122,-97.13402451511377,-97.13402451511377,42.14323730030733,3.9887139088991446,49.99999999999999,237.28599511094214,16,16,74,892,33,4074,1,30,2,6,2,1.0,1.0,1.0,1.0,1.0
automobiles,base,cangshulun_video,success,,,base:automobiles,automobiles,automation,0,Optimization terminated successfully. (HiGHS Status 7: Optimal),58520.96999496421,1000.0,100000.0,100.0,999.9999999999999,999.9999999999999,-1.1368683772161603e-13,99999.99999999999,5199999.999999999,100000.0,5200000.0,58520.96999496422,58520.96999496422,10838.282354660867,10838.282354660867,0.0,0.0,-3.885875834972712,-3.885875834972711,58.52096999496423,10.838282354660869,100.00000000000001,170.87891743524597,16,16,77,888,32,4066,1,30,2,6,2,1.0000000000000002,1.0,1.0,0.0,0.9999999999999998
telephones,base,cangshulun_video,success,,,base:telephones,telephones,automation,0,Optimization terminated successfully. (HiGHS Status 7: Optimal),112077.12540687801,1428.5714285714287,100000.0,70.0,1428.5714285714287,1428.5714285714287,0.0,99999.99999999997,5199999.999999998,99999.99999999999,5199999.999999999,112077.12540687801,112077.125406878,15225.830539309696,15225.830539309694,0.0,0.0,-17.40465192091881,-17.40465192091881,78.45398778481459,10.658081377516785,69.99999999999999,127.46324670491232,17,17,83,890,34,4078,1,30,4,7,2,1.0000000000000002,0.9999999999999999,0.9999999999999999,0.0,1.0
radios,base,cangshulun_video,success,,,base:radios,radios,automation,0,Optimization terminated successfully. (HiGHS Status 7: Optimal),177787.82320418776,1250.0,100000.0,80.0,1250.0,1250.0,0.0,187499.99999999994,9749999.999999996,187499.99999999997,9749999.999999998,177787.8232041878,177787.82320418776,26325.258313295926,26325.258313295926,0.0,0.0,-27.95782834040466,-27.95782834040466,142.23025856335022,21.06020665063674,149.99999999999997,70.30852717986124,17,18,85,889,34,4073,1,30,4,7,2,1.0000000000000002,0.9999999999999999,1.0,0.0,1.0
luxury_clothes,base,cangshulun_video,success,,,base:luxury_clothes,luxury_clothes,automation,0,Optimization terminated successfully. (HiGHS Status 7: Optimal),109305.56786964816,1666.6666666666667,100000.0,60.0,1666.666666666667,1666.666666666667,2.2737367544323206e-13,100000.0,5200000.0,100000.00000000001,5200000.000000001,109305.56786964816,109305.56786964818,13405.784761870127,13405.784761870127,9.414480077745385,9.414480077745385,-42.01348883960969,-42.01348883960969,65.5833407217889,8.043470857122076,60.0,152.47774648170184,19,19,93,928,35,4281,1,30,6,6,2,1.0000000000000002,1.0000000000000002,1.0,1.0,1.0
luxury_furniture,base,cangshulun_video,success,,,base:luxury_furniture,luxury_furniture,automation,0,Optimization terminated successfully. (HiGHS Status 7: Optimal),120294.98892684291,1666.6666666666667,100000.0,60.0,1666.6666666666667,1666.6666666666667,0.0,99999.99999999999,5199999.999999999,100000.0,5200000.0,120294.98892684291,120294.9889268429,19133.019204541357,19133.019204541357,1.5460729746444033,1.5460729746444033,-88.13388774931073,-88.13388774931074,72.17699335610574,11.479811522724814,60.0,138.5483037602045,18,18,93,924,34,4292,1,28,6,6,1,1.0000000000000002,0.9999999999999999,1.0,1.0,1.0000000000000002
gold,base,cangshulun_video,success,,,base:gold,gold,automation,0,Optimization terminated successfully. (HiGHS Status 7: Optimal),62889.3776400353,1000.0,100000.0,100.0,1000.0,1000.0,0.0,100000.00000000001,5200000.000000001,100000.00000000001,5200000.000000001,62889.3776400353,62889.37764003531,9968.65239457209,9968.652394572087,0.0,0.0,-42.56938876803046,-42.569388768030464,62.889377640035306,9.968652394572088,100.00000000000001,159.00936493977977,16,16,78,936,33,4290,1,30,2,7,2,1.0,1.0000000000000002,0.9999999999999998,0.0,1.0000000000000002
fine_art,base,cangshulun_video,success,,,base:fine_art,fine_art,automation,0,Optimization terminated successfully. (HiGHS Status 7: Optimal),287311.16888869985,500.0,100000.0,200.0,500.0,500.0,0.0,99999.99999999994,5199999.999999997,99999.99999999994,5199999.999999997,287311.16888869985,287311.16888869985,27147.343355927864,27147.343355927864,0.0,0.0,16.624350199461844,16.624350199461844,574.6223377773997,54.294686711855725,199.9999999999999,17.402734531134524,16,16,75,912,33,4132,1,30,2,6,2,1.0,1.0,1.0,0.0,1.0
porcelain,glass_bone_china,cangshulun_video,success,,,glass_bone_china:porcelain,porcelain,automation,0,Optimization terminated successfully. (HiGHS Status 7: Optimal),145792.89926879425,1428.5714285714287,100000.0,70.0,1428.5714285714287,1428.5714285714287,0.0,252380.95238095237,13123809.523809522,252380.95238095243,13123809.523809526,145792.89926879422,145792.89926879425,26295.070510761245,26295.070510761245,0.0,0.0,-41.384040905093336,-41.38404090509333,102.05502948815597,18.40654935753287,176.66666666666669,97.98635158064947,17,18,85,870,32,3973,1,30,4,7,2,1.0000000000000002,1.0000000000000002,1.0,0.0,0.9999999999999998
luxury_furniture,luxury_furniture,cangshulun_video,success,,,luxury_furniture:luxury_furniture,luxury_furniture,automation,0,Optimization terminated successfully. (HiGHS Status 7: Optimal),134811.99760000184,1666.6666666666667,100000.0,60.0,1666.6666666666667,1666.6666666666667,0.0,150000.0,7800000.0,150000.00000000003,7800000.000000002,134811.99760000187,134811.99760000187,21180.776421966082,21180.776421966082,1.5460729746444033,1.5460729746444033,-87.05467854364365,-87.05467854364365,80.88719856000111,12.708465853179648,90.00000000000001,123.62895709117834,17,18,87,892,34,4094,1,29,4,6,1,1.0000000000000002,1.0,1.0,1.0,1.0
hardwood,logging_hardwood,cangshulun_video,success,,,logging_hardwood:hardwood,hardwood,automation,0,Optimization terminated successfully. (HiGHS Status 7: Optimal),211445.1922359406,2500.0,100000.0,40.0,2500.0,2500.0,0.0,236012.05021581898,12272626.611222588,236012.05021581898,12272626.611222588,211445.1922359406,211445.1922359406,30255.89267717004,30255.892677170043,0.0,0.0,-321.6255608224488,-321.6255608224488,84.57807689437624,12.102357070868017,94.40482008632759,118.23394864473349,14,15,70,852,32,3928,1,28,1,5,1,1.0,1.0,1.0000000000000002,0.0,1.0
liquor,groceries_with_liquor,cangshulun_video,success,,,groceries_with_liquor:liquor,liquor,automation,0,Optimization terminated successfully. (HiGHS Status 7: Optimal),218786.20138608324,3333.3333333333335,100000.0,30.0,3333.333333333334,3333.333333333334,4.547473508864641e-13,238095.2380952381,12380952.38095238,238095.23809523814,12380952.380952382,218786.2013860832,218786.2013860832,25683.0286148669,25683.028614866897,27.93974732750243,27.93974732750243,-73.42061532541737,-73.42061532541739,65.63586041582495,7.7049085844600675,71.42857142857143,152.35573871732134,23,25,118,906,33,4133,1,30,6,8,2,1.0000000000000002,1.0,0.9999999999999999,1.0,1.0000000000000002
luxury_clothes,luxury_clothes,cangshulun_video,success,,,luxury_clothes:luxury_clothes,luxury_clothes,automation,0,Optimization terminated successfully. (HiGHS Status 7: Optimal),144433.54333044373,1666.6666666666667,100000.0,60.0,1666.666666666667,1666.666666666667,2.2737367544323206e-13,149999.99999999997,7799999.999999998,149999.99999999994,7799999.999999997,144433.5433304438,144433.54333044373,18119.209037363664,18119.209037363667,11.54033041788144,11.54033041788144,-51.81170910277206,-51.81170910277205,86.66012599826622,10.871525422418198,89.99999999999994,115.39332403232447,18,19,85,898,35,4119,1,30,4,6,2,0.9999999999999998,0.9999999999999996,1.0000000000000002,1.0,0.9999999999999998
services,urban_center_transportation,cangshulun_video,success,,,urban_center_transportation:services,services,automation,0,Optimization terminated successfully. (HiGHS Status 7: Optimal),440402.8402568552,3333.3333333333335,100000.0,30.0,3333.333333333334,3333.333333333334,4.547473508864641e-13,118678.76843276602,6171295.958503833,118678.76843276602,6171295.958503833,440402.8402568552,440402.84025685524,3889.4530626523483,3889.4530626523488,0.0,0.0,-151.28875626678604,-151.28875626678607,132.12085207705655,1.1668359187957045,35.6036305298298,75.68827965299317,18,19,92,783,32,3544,1,36,1,7,2,1.0,1.0000000000000002,1.0000000000000002,0.0,1.0000000000000002
electricity,coal_fired_plant,cangshulun_video,success,,,coal_fired_plant:electricity,electricity,automation,0,Optimization terminated successfully. (HiGHS Status 7: Optimal),71092.83464465057,3333.3333333333335,100000.0,30.0,3441.6917522823605,3333.3333333333335,0.0,99999.99999999991,5199999.999999995,99999.9999999999,5199999.999999994,71092.83464465057,71092.83464465059,18667.137090738226,18667.137090738226,0.0,0.0,30.748794794280084,30.748794794280087,21.327850393395178,5.600141127221468,29.999999999999968,468.8705057260158,15,15,71,887,32,4063,1,30,0,6,2,0.9999999999999999,1.0000000000000002,1.0,0.0,1.0000000000000002
